density	hits	lines	file
101.72	59	58	.planning/SCRIBA-SLICES.md
90.39	574	635	docs/elements/catalog.md
89.42	169	189	docs/examples/INDEX.md
82.08	142	173	docs/arcs/diagnostics-arc.md
80.18	360	449	docs/elements/ledger.md
57.94	62	107	docs/definitions/FRONTIER.md
51.29	218	425	.planning/USER-LAYER-TRACKER.md
49.21	62	126	docs/elements/specs/E30-fd-passing-SPEC.md
45.26	86	190	docs/elements/specs/E100-two-type-param-calls-SPEC.md
43.97	135	307	docs/elements/specs/E157-typed-diagnostics-SPEC.md
42.86	9	21	.planning/capture/deployment-custody-2026-07-24/02-bank-banks_evidence_and_split.md
42.86	9	21	.planning/capture/deployment-custody-2026-07-24/01-bank-banks_capability.md
42.31	11	26	.planning/capture/deployment-custody-2026-07-24/04-node-open_edges.md
42.11	64	152	.planning/NOVELTY-INVENTORY.md
40.91	9	22	.planning/capture/deployment-custody-2026-07-24/03-bank-banks_memory.md
40.28	29	72	docs/elements/specs/E92-effect-chain-decoupling-SPEC.md
40.21	271	674	docs/elements/specs/E166-mach-c-SPEC.md
39.42	285	723	docs/elements/specs/E168-test-floor-SPEC.md
39.41	214	543	docs/elements/specs/E170-corpus-migration-SPEC.md
38.64	136	352	.planning/handoffs/SCOPING-WAVE-HANDOFF.md
38.46	180	468	docs/elements/specs/E158-doc-formatter-SPEC.md
38.17	50	131	.planning/DETERMINISM-DEBTS.md
38.04	62	163	.planning/archive/WEBCLAUDE-DOCS-AUDIT-2026-08-11.md
37.93	22	58	.planning/audit/FABLE-AUDIT-DISPOSITIONS.md
36.81	173	470	docs/elements/specs/E150-argv-SPEC.md
34.65	79	228	docs/definitions/status-ledger.md
34.24	139	406	.planning/SCRIBA-PRIMITIVE-CHECKLIST.md
34.12	274	803	.planning/USER-LAYER-GAP.md
33.77	52	154	docs/elements/specs/E90-arena-grow-crossing-SPEC.md
32.32	53	164	.planning/RUNG-2-MAP.md
32.27	242	750	docs/elements/specs/E181-pretty-term-doc-SPEC.md
32.07	59	184	docs/elements/specs/E86-ioctl-crossing-SPEC.md
32.06	243	758	docs/elements/specs/E161-kind-identifier-SPEC.md
32.00	72	225	docs/elements/specs/E51-sys-linkage-SPEC.md
31.90	245	768	docs/elements/specs/E174-r-row-width-SPEC.md
31.79	55	173	docs/elements/specs/E113-pool-read-SPEC.md
31.71	13	41	docs/examples/PLAN-2026-07-13b.md
31.67	19	60	.planning/archive/DELEGATION-MAP-2026-07-21.md
31.48	130	413	.planning/CHATTER-DC-FIXES.md
31.36	122	389	docs/elements/specs/E156-sort-adopt-SPEC.md
31.21	49	157	docs/elements/specs/E17-optimizer-SPEC.md
31.00	124	400	docs/elements/specs/E151-ord-dedup-SPEC.md
30.73	63	205	docs/elements/specs/E57-staging-modality-SPEC.md
30.62	64	209	docs/elements/specs/E112-apc-sidechannel-SPEC.md
30.10	31	103	.planning/archive/METIS-FEASIBILITY-RESPONSE.md
30.09	34	113	docs/definitions/resolution-patterns.md
30.05	58	193	docs/elements/specs/E122-native-pool-create-SPEC.md
29.41	60	204	.planning/LANGUAGE-INVENTORY.md
29.38	52	177	.planning/CHATTER-MIX-MAP.md
29.33	61	208	docs/elements/specs/E111-cell-store-SPEC.md
28.99	60	207	docs/elements/specs/E106-linear-cap-collection-SPEC.md
28.99	49	169	docs/elements/specs/E15-reference-interpreter-SPEC.md
28.89	26	90	.planning/VISION-deployment-custody-2026-07-24.md
28.85	45	156	docs/elements/specs/E124-adopt-fd-SPEC.md
28.75	92	320	.planning/MANAS-STATE-VS-GOAL.md
28.71	120	418	.planning/RUNG2-MICROVM-MAP.md
28.68	37	129	docs/decisions/decision-user-layer-extensibility.md
28.67	41	143	.planning/SELF-HOST-PLAN.md
28.57	94	329	docs/elements/specs/E39-effect-row-SPEC.md
28.57	34	119	docs/decisions/decision-deployment-custody.md
28.57	2	7	.planning/capture/deployment-custody-2026-07-24/AUTHOR-CALLS.md
28.21	66	234	.planning/TUI-PRIMITIVES.md
28.21	55	195	docs/elements/specs/E27-dict-set-to-maps-SPEC.md
28.16	58	206	docs/elements/specs/E42-alarm-supervisor-SPEC.md
28.07	48	171	docs/elements/specs/E18-tal-check-SPEC.md
28.03	266	949	docs/elements/specs/E175-face-restore-SPEC.md
27.86	56	201	.planning/RUNG2-SECURITY-MODEL.md
27.81	89	320	.planning/SCRIBA-UNBLOCK-MAP.md
27.72	51	184	docs/elements/specs/E98-honest-crossing-table-SPEC.md
27.59	40	145	docs/elements/specs/E135-bind-SPEC.md
27.39	43	157	docs/definitions/syntax-evolution.md
27.32	206	754	docs/banks/verification.md
27.22	46	169	docs/elements/specs/E03-nbe-normalize-SPEC.md
27.20	71	261	.planning/RUNG1-CHECKLIST.md
27.17	100	368	docs/banks/runtime.md
27.16	85	313	docs/banks/profile.md
27.16	44	162	docs/elements/specs/E120-native-pool-SPEC.md
27.16	44	162	.planning/CHATTER-ANSWER-QUALITY.md
27.10	58	214	docs/elements/specs/E32-clock-exit-env-SPEC.md
26.92	49	182	docs/implementation/orchestration.md
26.87	18	67	.planning/archive/projects/02-language-design.md
26.86	94	350	.planning/archive/HANDOFF-2026-08-03-build-wave.md
26.85	29	108	.planning/archive/handoffs/BUILD-LANES-HANDOFF.md
26.79	45	168	docs/elements/specs/E12-effect-membrane-SPEC.md
26.71	43	161	docs/benchmarks/OPT-LEDGER.md
26.70	47	176	docs/elements/specs/E02-surface-elaborator-SPEC.md
26.67	56	210	.planning/archive/CLUSTER-2-MAP.md
26.61	29	109	docs/benchmarks/OPTIMIZATIONS-TODO.md
26.19	110	420	docs/elements/specs/E52-certificate-split-SPEC.md
26.09	12	46	.planning/SCRIBA-POLISH-BACKLOG.md
26.02	32	123	docs/elements/specs/E93-lowering-multi-pass-SPEC.md
25.98	205	789	.planning/HANDOFF-VERIFICATION-ARC.md
25.93	35	135	docs/elements/specs/E14-pretty-printer-SPEC.md
25.87	186	719	.planning/USER-LAYER-PIPELINE-PLAN.md
25.86	45	174	docs/elements/specs/E16-lowering-SPEC.md
25.71	27	105	docs/decisions/decision-inspiration-policy.md
25.58	55	215	docs/elements/specs/E04-full-adt-kernel-SPEC.md
25.58	33	129	docs/elements/specs/E101-sexp-error-context-SPEC.md
25.49	26	102	docs/decisions/decision-reflective-floor.md
25.49	144	565	docs/banks/effect-and-alarm.md
25.43	44	173	docs/elements/specs/E02-row-inference-SPEC.md
25.40	16	63	.planning/archive/handoffs/LANE-1-effect-row.md
25.38	50	197	docs/elements/specs/E31-poll-SPEC.md
25.35	36	142	docs/elements/specs/E22-regions-SPEC.md
25.27	47	186	docs/elements/specs/E69-closure-conversion-SPEC.md
25.17	36	143	docs/elements/specs/E87-import-resolution-SPEC.md
25.00	48	192	docs/elements/specs/E10-occurrence-typing-SPEC.md
25.00	13	52	.planning/archive/handoffs/LANE-2-e50-termination.md
24.94	104	417	docs/banks/memory.md
24.89	57	229	docs/elements/specs/E89-arena-init-SPEC.md
24.88	51	205	.planning/AUTH-HARNESS-MAP.md
24.86	43	173	docs/elements/specs/E01-sexp-reader-SPEC.md
24.72	44	178	docs/elements/specs/E127-sock-connect-SPEC.md
24.72	22	89	docs/elements/specs/E133-manas-core-types-SPEC.md
24.59	45	183	docs/elements/specs/E110-cloexec-pty-SPEC.md
24.59	30	122	docs/elements/specs/E25-byte-cells-SPEC.md
24.58	44	179	.planning/archive/STAGE-METIS-NO-PYTHON.md
24.39	40	164	docs/elements/specs/E06-data-ctors-coverage-SPEC.md
24.24	128	528	docs/elements/specs/S18-scriba-record-SPEC.md
24.23	95	392	.planning/CHATTER-STATE.md
24.18	22	91	.planning/FIXPOINT-CHECKLIST.md
24.10	20	83	docs/definitions/pattern-boundary-sums.md
24.09	73	303	docs/elements/specs/E70-effectful-lowering-DESIGN.md
24.09	53	220	docs/elements/specs/E125-sock-use-SPEC.md
24.09	33	137	docs/elements/specs/E136-match-assemble-stop-SPEC.md
23.97	35	146	docs/elements/specs/E140-profiles-docrefine-SPEC.md
23.97	35	146	docs/elements/specs/E128-apc-handshake-SPEC.md
23.86	21	88	docs/implementation/reg-disciplines.md
23.84	133	558	docs/definitions/testing-floors.md
23.81	5	21	.planning/capture/deployment-custody-2026-07-24/06-node-trust_boundary.md
23.77	29	122	docs/elements/specs/E108-shift-ops-SPEC.md
23.77	29	122	docs/definitions/design-principles.md
23.69	118	498	docs/banks/evidence-and-split.md
23.67	40	169	docs/elements/specs/E26-alarm-control-flow-SPEC.md
23.60	21	89	.planning/SCRIBA-PERSIST-PLAN.md
23.53	92	391	docs/examples/E161-REQUIREMENTS.md
23.53	12	51	.planning/handoffs/LANE-3-effectful-lowering.md
23.50	125	532	docs/banks/capability.md
23.37	61	261	.planning/SCRIBA-STATE.md
23.35	39	167	.planning/archive/CHATTER-DC-EGRESS-CONTRACT.md
23.33	35	150	docs/elements/specs/E45-reflective-floor-SPEC.md
23.32	45	193	docs/elements/specs/E97-skip-chain-diagnostics-SPEC.md
23.31	86	369	docs/elements/specs/E71-golden-restructure-SPEC.md
23.30	41	176	docs/elements/specs/E34-elf-writer-SPEC.md
23.24	33	142	docs/elements/specs/E139-be-log-SPEC.md
23.24	119	512	docs/banks/port.md
23.23	46	198	docs/decisions/decision-effect-facets.md
23.13	34	147	.planning/archive/FINDING-mutual-data-2026-07-31.md
23.08	24	104	.planning/archive/SYSCALL-WIRING.md
23.00	49	213	docs/elements/specs/E11-totality-checker-SPEC.md
22.99	20	87	.planning/archive/NATIVE-CAP-LIFECYCLE-MAP.md
22.73	5	22	.planning/capture/deployment-custody-2026-07-24/05-node-target_tomodachi.md
22.59	117	518	docs/examples/S17-manas-token-streaming.md
22.58	42	186	.planning/archive/B1-COMPILE-PERF.md
22.37	49	219	docs/elements/specs/E29-sockets-SPEC.md
22.37	34	152	docs/elements/specs/E107-cap-close-SPEC.md
22.22	8	36	docs/examples/PLAN-2026-07-13.md
22.15	35	158	docs/elements/specs/E72-re-bootstrap-SPEC.md
22.13	52	235	docs/elements/specs/E53-ddc-bootstrap-SPEC.md
22.08	17	77	.planning/BUILD-OBLIGATIONS-2026-07-25.md
21.99	31	141	docs/elements/specs/E134-gate-SPEC.md
21.96	85	387	.planning/MANAS-SKILL-GROWER.md
21.92	32	146	docs/elements/specs/E48-telescopes-SPEC.md
21.92	32	146	docs/elements/specs/E09-refinement-SPEC.md
21.83	43	197	.planning/archive/E69-E72-CHECKLIST.md
21.76	99	455	.planning/archive/CHATTER-ORCHESTRATOR-SCOPE.md
21.74	35	161	docs/elements/specs/E123-native-porttype-carrier-SPEC.md
21.73	136	626	docs/elements/specs/S17-manas-token-streaming-SPEC.md
21.69	18	83	.planning/archive/handoffs/CONTINUE-2026-07-25.md
21.66	34	157	docs/definitions/trust-boundary.md
21.64	37	171	docs/elements/specs/FACT-CARRYING-LOWERING-SPEC.md
21.58	30	139	docs/elements/specs/E21-arena-SPEC.md
21.55	39	181	docs/elements/specs/E28-mmap-crossings-SPEC.md
21.52	17	79	docs/examples/PLAN-2026-07-24-lanes-2-4-specs.md
21.52	17	79	.planning/archive/MILESTONE-orchestration.md
21.51	37	172	docs/elements/specs/E04-bidir-universes-SPEC.md
21.43	12	56	.planning/archive/handoffs/LANE-4-syscall-floor.md
21.40	55	257	docs/elements/specs/E99-ioctl-out-cells-SPEC.md
21.39	37	173	docs/definitions/totality.md
21.31	13	61	.planning/capture/deployment-custody-2026-07-24/REPORT.md
21.25	34	160	docs/elements/specs/E13-debruijn-SPEC.md
21.23	45	212	docs/elements/specs/E50-mutual-lex-termination-SPEC.md
21.21	42	198	docs/elements/specs/E104-pty-crossings-SPEC.md
21.19	50	236	docs/elements/specs/E103-term-raw-SPEC.md
21.12	192	909	.planning/BUILD-ORDER.md
21.11	57	270	.planning/RUNG1-CRITICAL-PATH.md
21.03	45	214	.planning/archive/ASSESSMENT-selfhost-cockpit.md
21.03	114	542	.planning/AI-RESIDENT-AND-CAPABILITY-RUNG.md
21.02	33	157	docs/elements/specs/E20-loader-SPEC.md
20.95	31	148	docs/elements/specs/E47-sized-types-SPEC.md
20.95	216	1031	.planning/archive/audit/family-6-design-edges-a.md
20.88	19	91	docs/examples/PLAN-2026-07-21-effect-algebra.md
20.83	30	144	docs/elements/specs/E41-region-types-SPEC.md
20.72	23	111	docs/definitions/axis-altitude.md
20.66	44	213	docs/examples/E72-re-bootstrap.md
20.51	16	78	.planning/AUDIT-2026-08-22.md
20.47	52	254	docs/elements/specs/E126-socketpair-SPEC.md
20.36	34	167	docs/elements/specs/E109-bput-u16-le-SPEC.md
20.34	24	118	docs/examples/_CHEATSHEET.md
20.23	215	1063	.planning/archive/audit/family-5-sys-and-formats.md
20.17	72	357	.planning/MINI-RUSH-HANDOFF.md
20.17	70	347	.planning/DECISION-DOCKET.md
20.10	42	209	docs/decisions/decision-lane-split.md
20.10	39	194	docs/elements/specs/E80-cap-to-main-SPEC.md
20.09	47	234	docs/examples/E172-NAME-MAP.md
20.00	15	75	docs/elements/specs/E144-str-porttype-carrier-SPEC.md
19.92	48	241	docs/examples/E124-adopt-fd.md
19.87	31	156	docs/examples/E108-shift-ops.md
19.84	25	126	.planning/archive/DESIGN-SESSION-PREP.md
19.83	24	121	docs/elements/specs/E05-qtt-semiring-SPEC.md
19.76	33	167	docs/elements/specs/E121-fcntl-SPEC.md
19.72	14	71	docs/decisions/decision-numeric-width-pluggable.md
19.71	27	137	docs/elements/specs/E141-golden-conformance-SPEC.md
19.69	88	447	docs/banks/module.md
19.69	50	254	.planning/MANAS-L0-SPEC.md
19.69	38	193	docs/elements/specs/E33-process-spawn-SPEC.md
19.67	24	122	docs/elements/specs/E24-i64-arith-SPEC.md
19.67	12	61	.planning/archive/projects/01-bhumi-context.md
19.61	142	724	docs/definitions/open-edges.md
19.51	8	41	.planning/ADVERSARY-NOTES-2026-07-21.md
19.51	32	164	docs/elements/specs/E138-run-loop-SPEC.md
19.50	31	159	docs/elements/specs/E38-graded-cost-SPEC.md
19.42	40	206	docs/elements/specs/E70-effectful-lowering-SPEC.md
19.39	38	196	docs/elements/specs/E94-form-type-capacity-SPEC.md
19.39	19	98	docs/decisions/decision-syscall-governance.md
19.34	41	212	docs/elements/specs/E91-growing-allocator-SPEC.md
19.33	23	119	.planning/archive/BUGS-AND-GAPS.md
19.30	22	114	.planning/audit/AUDIT-MAP.md
19.16	87	454	docs/examples/E150-argv.md
19.09	42	220	docs/examples/E113-pool-read.md
19.06	69	362	docs/elements/specs/E69-closure-conversion-DESIGN.md
18.91	45	238	docs/examples/E53-ddc-bootstrap.md
18.88	105	556	docs/examples/S16-manas-compose.md
18.87	30	159	docs/elements/specs/E07-strict-positivity-SPEC.md
18.84	13	69	.planning/COORDINATE-MEASUREMENT.md
18.71	26	139	docs/elements/specs/E08-linear-kinds-SPEC.md
18.64	71	381	docs/examples/E151-ord-dedup.md
18.62	27	145	docs/benchmarks/OPT-CHECKLIST.md
18.45	38	206	docs/elements/specs/E95-effectful-mutual-recursion-SPEC.md
18.45	31	168	.planning/ROADMAP-RUNG2-CEREMONY-ARC.md
18.39	187	1017	.planning/archive/audit/family-2-checker-analyses.md
18.33	22	120	docs/definitions/floor-agreement.md
18.33	11	60	.planning/archive/projects/03-development-approach.md
18.32	111	606	docs/elements/specs/S16-manas-compose-SPEC.md
18.29	156	853	.planning/archive/audit/family-3-pipeline.md
18.15	55	303	docs/examples/E127-sock-connect.md
18.10	21	116	docs/definitions/tal-spec.md
18.10	156	862	.planning/archive/audit/family-7-design-edges-b.md
18.02	20	111	.planning/archive/SCRIBA-SYSCALL-HANDOFF.md
18.00	36	200	docs/examples/E103-term-raw.md
17.97	71	395	.planning/FINDING-captured-closures-2026-08-30.md
17.79	45	253	docs/examples/E135-bind.md
17.75	30	169	docs/definitions/memory-model.md
17.62	68	386	.planning/ROADMAP.md
17.61	25	142	docs/elements/specs/E88-mark-region-SPEC.md
17.41	70	402	docs/examples/E81-alloc-seam.md
17.39	32	184	docs/examples/E38-graded-cost.md
17.32	31	179	.planning/archive/FOUNDATION-FORKS.md
17.24	25	145	.planning/E69-sig-mutation-PLAN.md
17.24	10	58	.planning/handoffs/LANE-5-port-fixpoint.md
17.17	40	233	docs/examples/E98-honest-crossing-table.md
17.14	78	455	.planning/archive/audit/FABLE-AUDIT-2026-07-20.md
17.14	24	140	.planning/archive/handoffs/TOOL-doc-expansion.md
17.13	129	753	docs/examples/E161-kind-identifier.md
17.12	38	222	docs/examples/E45-reflective-floor.md
17.09	101	591	docs/examples/E170-corpus-migration.md
17.07	42	246	docs/examples/E106-linear-cap-collection.md
17.03	108	634	docs/examples/E158-doc-formatter.md
16.95	10	59	.planning/handoffs/LANE-prep-determinism-ddc.md
16.89	25	148	.planning/handoffs/E91-IMPLEMENT-HANDOFF.md
16.88	129	764	docs/examples/E181-pretty-term-doc.md
16.82	36	214	docs/elements/specs/E81-alloc-seam-SPEC.md
16.78	25	149	docs/implementation/rd-packed-cert.md
16.76	63	376	docs/elements/specs/S1-puffer-SPEC.md
16.67	36	216	docs/examples/E107-cap-close.md
16.67	27	162	.planning/TEXT-AND-DIAGNOSTICS-ARC.md
16.67	24	144	docs/banks/text.md
16.67	22	132	.planning/EDGE-CANDIDATES-2026-07-22.md
16.67	16	96	.planning/SCRIBA-OUTLINE-PLAN.md
16.59	68	410	.planning/archive/DOC-DEBT-2026-08-11.md
16.53	118	714	.planning/archive/audit/family-4-substrate.md
16.50	101	612	docs/elements/specs/S14-manas-author-mode-SPEC.md
16.49	31	188	docs/examples/E69-closure-conversion.md
16.44	37	225	docs/examples/E96-bitwise-ops.md
16.42	11	67	docs/elements/specs/_TEMPLATE.md
16.36	35	214	docs/examples/E25-byte-cells.md
16.35	34	208	docs/examples/E02-row-inference.md
16.34	33	202	docs/elements/specs/E17-AUTOSPEC-V2-SPEC.md
16.27	27	166	.planning/archive/HANDOFF-POLY13.md
16.22	97	598	docs/examples/E175-face-restore.md
16.16	32	198	docs/examples/E41-region-types.md
16.16	106	656	docs/elements/specs/S15-manas-run-view-SPEC.md
16.05	13	81	.planning/archive/quick/E40-secret-custody-SUMMARY.md
15.97	19	119	docs/definitions/split-role.md
15.84	73	461	docs/examples/E89-arena-init.md
15.82	53	335	docs/examples/E91-growing-allocator.md
15.71	33	210	docs/examples/E71-golden-restructure.md
15.68	58	370	docs/examples/S14-manas-author-mode.md
15.58	81	520	docs/examples/E168-test-floor.md
15.57	73	469	docs/implementation/README.md
15.45	34	220	docs/examples/E47-sized-types.md
15.38	8	52	docs/benchmarks/README.md
15.38	34	221	docs/examples/E26-alarm-control-flow.md
15.28	35	229	docs/examples/E126-socketpair.md
15.18	17	112	docs/decisions/decision-graded-kernel.md
15.17	49	323	.planning/SELF-COMPILE-FRONTIER-MAP.md
15.10	29	192	docs/examples/E122-native-pool-create.md
14.93	53	355	docs/examples/E157-typed-diagnostics.md
14.91	34	228	docs/examples/E50-mutual-lex-termination.md
14.90	38	255	docs/examples/E156-sort-adopt.md
14.88	32	215	.planning/SCAFFOLD-NEXT.md
14.76	31	210	docs/examples/E104-pty-crossings.md
14.69	31	211	docs/examples/E76-tal-check-chokepoint-port.md
14.67	27	184	docs/examples/E14-pretty-printer.md
14.62	19	130	docs/definitions/permission-model.md
14.52	44	303	docs/examples/E90-arena-grow-crossing.md
14.49	30	207	docs/examples/E70-effectful-lowering.md
14.49	30	207	docs/examples/E32-clock-exit-env.md
14.47	34	235	docs/examples/E29-sockets.md
14.46	12	83	.planning/archive/handoffs/SCRIBA-DISPATCH-BLOCKER.md
14.44	52	360	docs/examples/E42-alarm-supervisor.md
14.18	20	141	docs/elements/specs/E102-sexp-enhancements-SPEC.md
14.17	17	120	.planning/MEMORY-DISCIPLINE-ARC.md
14.15	30	212	docs/examples/E34-elf-writer.md
14.13	53	375	.planning/archive/HANDOFF-RUNG1-FIXPOINT.md
14.12	12	85	.planning/NATIVE-TOOLCHAIN-SLICES.md
14.02	23	164	docs/examples/E109-bput-u16-le.md
14.00	14	100	.planning/HANDOFF-SELF-WIELD.md
13.99	20	143	docs/benchmarks/language-performance.md
13.76	30	218	docs/elements/specs/E130-http-native-SPEC.md
13.74	87	633	docs/examples/U13-typed-document-seam.md
13.69	92	672	docs/examples/E174-r-row-width.md
13.62	35	257	docs/examples/E52-certificate-split.md
13.57	27	199	docs/examples/E24-i64-arith.md
13.56	24	177	docs/examples/E04-full-adt-kernel.md
13.56	16	118	.planning/DOC-AUDIT-QUEUE.md
13.54	13	96	.planning/archive/audit/DOSSIER-SPEC.md
13.53	28	207	docs/examples/E40-secret-custody.md
13.53	18	133	docs/definitions/node-architecture.md
13.51	65	481	docs/examples/E172-file-kinds.md
13.41	24	179	docs/examples/E48-telescopes.md
13.38	21	157	docs/elements/specs/E96-bitwise-ops-SPEC.md
13.37	27	202	docs/examples/E20-loader.md
13.33	4	30	docs/examples/refs/README.md
13.30	71	534	docs/elements/specs/S2-rendering-SPEC.md
13.19	24	182	docs/examples/E121-fcntl.md
13.11	16	122	docs/decisions/decision-backend.md
13.08	31	237	docs/examples/E120-native-pool.md
13.07	141	1079	.planning/archive/audit/family-1-checker-core.md
12.98	34	262	docs/benchmarks/TRAIT-OPTS.md
12.96	21	162	.planning/ZERO-PYTHON-SCOPE.md
12.84	28	218	docs/examples/E57-staging-modality.md
12.75	26	204	docs/examples/E51-sys-linkage.md
12.73	28	220	docs/examples/E123-native-porttype-carrier.md
12.50	26	208	docs/examples/E22-regions.md
12.50	12	96	.planning/archive/UNIFICATION-WORKLOG.md
12.47	62	497	docs/examples/S15-manas-run-view.md
12.44	26	209	.planning/archive/CHATTER-FLOW-MAP.md
12.40	15	121	docs/decisions/decision-profiles.md
12.34	29	235	docs/examples/E12-effect-membrane.md
12.27	33	269	docs/examples/E18-tal-check.md
12.23	28	229	docs/examples/E02-surface-elaborator.md
12.22	22	180	docs/examples/E31-poll.md
12.22	11	90	docs/elements/specs/E100-FIX-CHECKLIST.md
12.22	11	90	docs/definitions/error-and-alarm.md
12.14	25	206	docs/examples/E80-cap-to-main.md
11.97	102	852	docs/examples/E166-mach-c.md
11.96	25	209	docs/examples/E21-arena.md
11.84	9	76	docs/definitions/time-and-clocks.md
11.70	20	171	docs/examples/E128-apc-handshake.md
11.68	32	274	docs/examples/E125-sock-use.md
11.67	14	120	docs/benchmarks/growing-allocator-scale.md
11.51	32	278	docs/examples/E86-ioctl-crossing.md
11.49	10	87	.planning/archive/E151-retire-ord-draft.md
11.44	23	201	docs/examples/E08-linear-kinds.md
11.42	37	324	.planning/PREGEN-MOMENTS.md
11.37	29	255	docs/examples/E111-cell-store.md
11.19	31	277	docs/examples/E112-apc-sidechannel.md
11.11	7	63	docs/definitions/category-untyped.md
11.11	41	369	docs/examples/E100-two-type-param-calls.md
11.11	36	324	docs/examples/E15-reference-interpreter.md
11.11	3	27	docs/definitions/insp-unison.md
11.11	11	99	docs/definitions/certificate-discipline.md
10.92	25	229	docs/examples/E30-fd-passing.md
10.88	21	193	docs/definitions/altitude-errors.md
10.87	25	230	docs/examples/E17-optimizer.md
10.84	22	203	docs/examples/E10-occurrence-typing.md
10.81	8	74	docs/examples/_TEMPLATE.md
10.73	25	233	docs/examples/E05-qtt-semiring.md
10.53	22	209	docs/examples/E16-lowering.md
10.48	39	372	docs/examples/E133-manas-core-types.md
10.48	22	210	docs/examples/E01-sexp-reader.md
10.48	11	105	.planning/PRIMITIVES-FOR-NATIVE-TOOLS.md
10.48	11	105	.planning/FINDING-datum-model-write-adversary-2026-08-31.md
10.38	33	318	docs/examples/E134-gate.md
10.38	22	212	docs/examples/E110-cloexec-pty.md
10.34	3	29	docs/definitions/insp-capability-os.md
10.33	25	242	docs/examples/E11-totality-checker.md
10.32	26	252	docs/examples/E07-strict-positivity.md
10.14	21	207	docs/examples/E28-mmap-crossings.md
10.06	17	169	docs/elements/specs/E129-sock-connect-in-SPEC.md
10.05	21	209	docs/examples/E99-ioctl-out-cells.md
10.04	23	229	docs/examples/E39-effect-row.md
10.00	5	50	docs/examples/refs/ref-clock.md
9.95	21	211	docs/examples/E33-process-spawn.md
9.88	8	81	docs/goals/readable-surface.md
9.84	12	122	docs/decisions/decision-split-checker.md
9.80	5	51	docs/modules/modules-substrate.md
9.63	26	270	docs/examples/E09-refinement.md
9.58	30	313	docs/examples/E140-profiles-docrefine.md
9.57	22	230	docs/examples/E13-debruijn.md
9.52	20	210	docs/examples/E93-lowering-multi-pass.md
9.45	31	328	docs/examples/E138-run-loop.md
9.38	3	32	docs/definitions/insp-erlang-beam.md
9.13	21	230	docs/examples/E139-be-log.md
9.03	13	144	docs/modules/view-runtime.md
9.02	11	122	docs/definitions/glossary.md
8.84	29	328	docs/examples/E94-form-type-capacity.md
8.84	19	215	docs/examples/E141-golden-conformance.md
8.80	11	125	docs/modules/view-types.md
8.70	12	138	docs/index.md
8.67	17	196	docs/arcs/text-tools-arc.md
8.57	24	280	PRINCIPLES.md
8.51	12	141	docs/modules/view-security.md
8.44	20	237	docs/examples/E136-match-assemble-stop.md
8.42	8	95	.planning/FINDING-ports-role-2026-08-31.md
8.40	22	262	.planning/FORK-C-UNROLLED.md
8.40	10	119	docs/definitions/joining-law.md
8.33	4	48	docs/banks/INDEX.md
8.29	15	181	CONTENTS.md
8.22	6	73	docs/goals/presentability.md
8.22	6	73	docs/decisions/decision-scope.md
8.11	21	259	docs/examples/E03-nbe-normalize.md
7.98	15	188	docs/examples/E27-dict-set-to-maps.md
7.79	18	231	docs/examples/E97-skip-chain-diagnostics.md
7.75	30	387	docs/examples/E92-effect-chain-decoupling.md
7.62	16	210	docs/examples/E129-sock-connect-in.md
7.53	14	186	docs/benchmarks/test-suite-wall-clock.md
7.51	22	293	docs/examples/E04-bidir-universes.md
7.45	7	94	docs/modules/modules-core.md
7.44	9	121	docs/examples/E144-str-porttype-carrier.md
7.41	16	216	docs/examples/E95-effectful-mutual-recursion.md
7.38	18	244	docs/examples/E87-import-resolution.md
7.35	5	68	docs/modules/modules-security.md
7.25	50	690	.planning/HARNESS-REFACTOR-CHECKLIST.md
7.19	20	278	docs/examples/E06-data-ctors-coverage.md
7.14	2	28	docs/definitions/insp-smalltalk.md
7.14	2	28	docs/definitions/insp-oberon.md
7.14	2	28	docs/definitions/insp-lisp-machine.md
7.05	11	156	docs/modules/view-implementation.md
7.03	9	128	docs/modules/view-authoring.md
6.94	25	360	docs/decisions/decision-self-verification.md
6.90	2	29	docs/definitions/insp-emacs.md
6.86	24	350	docs/examples/E88-mark-region.md
6.74	6	89	docs/decisions/decision-bridge-elaborator.md
6.74	12	178	.planning/FINDING-str-sub-range-2026-08-31.md
6.58	5	76	docs/definitions/dump-integration.md
6.33	15	237	docs/examples/E101-sexp-error-context.md
6.30	8	127	docs/definitions/live-environment.md
6.17	5	81	docs/decisions/decision-brokers.md
6.15	4	65	docs/examples/refs/ref-fdpass.md
5.77	9	156	.planning/archive/IMPORT-HANDLER-BRIEF.md
5.75	5	87	docs/definitions/target-tomodachi.md
5.69	7	123	docs/arcs/enforcement-arc.md
5.66	3	53	docs/definitions/category-typed.md
5.61	28	499	docs/benchmarks/RESULTS-2026-08-01.md
5.56	7	126	docs/definitions/vocabulary.md
5.45	6	110	docs/implementation/AUDIT.md
5.21	5	96	docs/definitions/category-bridge.md
5.17	3	58	docs/elements/README.md
4.89	11	225	.planning/FINDING-let-bound-case-refinement-2026-08-31.md
4.86	7	144	.planning/handoffs/TEST-AUDIT-AND-SCOPE-RECATALOG.md
4.73	13	275	docs/examples/S13-vim-modes.md
4.56	15	329	docs/examples/E102-sexp-enhancements.md
4.42	5	113	docs/arcs/presentability-arc.md
4.41	3	68	docs/modules/modules-bridges.md
4.29	3	70	docs/modules/modules-lowering.md
4.27	5	117	docs/definitions/working-discipline.md
4.24	5	118	docs/definitions/relations.md
4.20	5	119	docs/decisions/decision-dispatch-cadence.md
4.12	4	97	docs/modules/module-map.md
4.03	6	149	docs/elements/specs/S13-vim-modes-SPEC.md
4.00	8	200	MAP.md
3.85	10	260	.planning/archive/CHATTER-QUALITY-DIAGNOSIS.md
3.80	6	158	docs/definitions/secure-datum-model.md
3.77	2	53	docs/modules/modules-custody.md
3.77	2	53	docs/decisions/decision-b-in-type.md
3.64	2	55	docs/definitions/bootstrap-sequence.md
3.57	5	140	docs/definitions/perspectives.md
3.57	2	56	LICENSE.EXCEPTION.md
3.45	2	58	docs/definitions/process-and-runtime.md
3.39	2	59	docs/definitions/axis-typeability.md
3.23	2	62	docs/modules/modules-broker.md
3.18	9	283	docs/examples/E130-http-native.md
2.90	2	69	.planning/archive/PROJECT.md
2.74	6	219	docs/definitions/bug-classes.md
2.74	2	73	docs/definitions/splitting-law.md
2.53	10	395	docs/elements/specs/E173-total-matcher-SPEC.md
2.50	1	40	docs/definitions/thesis.md
2.46	13	528	.planning/README-PLAN.md
2.33	1	43	docs/examples/refs/ref-poll.md
2.27	2	88	docs/decisions/decision-license.md
1.91	13	680	LICENSE.md
1.89	2	106	docs/definitions/bootstrap.md
1.75	6	343	docs/examples/E131-sse-stream.md
1.63	4	246	docs/definitions/syscall-map.md
1.56	6	384	docs/elements/specs/E131-sse-stream-SPEC.md
1.37	1	73	docs/modules/modules-staging.md
1.27	1	79	docs/arcs/README.md
1.25	1	80	docs/examples/refs/ref-elf.md
1.11	1	90	.planning/DOC-CLEANUP-PASS.md
0.87	1	115	docs/arcs/zero-python-arc.md
0.75	4	536	docs/examples/E173-total-matcher.md
0.46	1	217	.planning/MANIFEST-DESIGN-MAP.md
0.41	1	243	README.md
